{"data_size": 1000, "epochs": [5, 10, 15, 20, 25, 30, 35, 40, 45, 50, 55, 60, 65, 70, 75, 80, 85, 90, 95, 100], "returns": [[-12.246645431004925, -17.341168324575037, -5.850940110603704, -3.9726612674028776, -17.68328772638337, -13.524438888701875, -8.092027325263002, -13.64263873110193, -15.578881926082877, -11.550999165311742], [-17.339354185252013, -11.405772071207146, -15.80703945705742, -9.710821633085839, -8.671443323080291, -11.276815728330256, -14.964102445496042, -14.231353076151835, -14.374092091928063, -8.102671008900765], [-6.4958044983687495, -6.339291378061408, -13.024798904911835, -9.349046517582119, -11.491220311937123, -6.591601585982441, -17.23666818891349, -6.457944876495225, -6.245383613637693, -17.826854039404893], [-20.57214183081901, -5.635689759221786, -7.646901083167742, -15.300146170196351, -12.25759207262291, -12.324696024885476, -6.772337330970489, -6.277436109697495, -5.387066150882928, -5.441568745941931], [-4.405636207652386, -5.5485151222668705, -7.104547515885904, -12.098587218531621, -7.302932626974239, -5.400287192766534, -4.456699258649803, -5.408920154285922, -8.444356151778477, -5.329990250783405], [-4.102950845749157, -12.05101300818567, -9.815256032204676, -8.872301985916566, -9.981091828996052, -6.40514184016425, -9.133444211144216, -12.416939470266895, -8.78353902603204, -9.319804693325214], [-4.949507100535288, -5.559363340285464, -12.126860216353332, -9.742733166609048, -7.261267569480928, -12.079765296537749, -5.021522822319717, -3.8330963039868426, -9.741794576556194, -8.429825355351316], [-10.134487483040713, -7.932913382774679, -10.48877497041224, -8.69738604089844, -7.007013972192647, -4.330717666932023, -8.286666539494203, -5.120268789531273, -9.63428553523077, -9.01692955730985], [-11.312352142370381, -8.71028462875636, -9.651456062968133, -3.488606194480911, -3.8668244841861874, -6.3109208531785415, -3.646517143590305, -8.077846644866034, -3.76814853821284, -5.7403851254688325], [-3.6958668386018068, -3.5485203329153894, -5.077246130062144, -3.505765323804034, -8.481516899425358, -4.417190788602347, -13.984629753599007, -12.52793434394095, -4.709967874610844, -8.69319184961351], [-16.159956446936206, -8.912325219732649, -8.57288079963073, -7.229713825980387, -7.4104485442083945, -5.852120492105893, -5.1692658586484335, -4.333608495361647, -10.08514920718714, -9.306472517578872], [-4.36559896255376, -5.465787677915543, -6.318654163078468, -10.37926709911507, -4.565727870098669, -2.6763589426831986, -8.07577550973273, -7.935902203550226, -4.362008655934726, -13.308201723226546], [-6.603120373183262, -4.948962352136115, -4.5519143318726005, -4.99292089924657, -4.028152983628477, -7.856115279215161, -6.4481775850087315, -11.629476686614119, -8.100155055481823, -8.426935359516118], [-1.8852325868687672, -2.8349767394473457, -11.911447152068066, -9.08836650401583, -2.4814924435413372, -5.442286690112771, -3.3004445976603916, -2.4126986545395006, -10.294640905700964, -7.6426019771411084], [-2.6842022177179405, -8.635600464705238, -5.164210007746306, -5.9512149564935, -7.954624676283425, -3.924088503520634, -9.464689672300189, -6.719329281878122, -3.372312200024753, -4.772627312804189], [-9.649858537118316, -5.753160336022599, -18.85608976727016, -6.708186879654036, -11.451456262368772, -11.781043539131746, -11.136450653968652, -7.248738494197768, -1.7814695323006318, -8.69805714554568], [-3.97346873542554, -18.048544799066594, -8.696858674189906, -4.089652684354351, -5.717030287388152, -9.96089277682543, -6.070505750526318, -9.333642345147892, -5.711010869220626, -6.934527727186189], [-2.310528573521481, -3.3676740225133504, -3.3669116775253665, -3.564306518702852, -9.786429708467201, -12.15329546827527, -9.941662783002377, -12.96695250665653, -4.3477196137123935, -10.510105220813152], [-6.355035423495417, -8.594677823190999, -6.334771528922689, -5.074654854405519, -7.084802363171208, -4.952538251705437, -3.212955487686372, -5.29521685693142, -4.341690249817307, -4.500406069473258], [-8.313045870469812, -6.246983191595273, -12.494165874445809, -5.043464608836907, -4.580674520138577, -8.504018908571876, -5.171761642436898, -2.775421055445189, -12.909921551474456, -3.3568129023667375]], "best_return": -5.574674890879963, "best_return_std": 1.4681555144583778}