{"data_size": 1000, "epochs": [5, 10, 15, 20, 25, 30, 35, 40, 45, 50, 55, 60, 65, 70, 75, 80, 85, 90, 95, 100], "returns": [[-11.609490335939201, -9.36115045391055, -5.930509867466368, -15.917694751350401, -13.267129529648564, -13.53836799511515, -10.77555491362706, -12.425079447729383, -9.727310430952, -13.413429896858286], [-6.6352973576939425, -4.89142271191423, -13.650797603331698, -16.394609843330873, -5.7138972945418995, -5.759523566444922, -9.650752096675713, -12.975052446662287, -9.12578193833829, -5.147848840577418], [-5.238128832962127, -7.970314089939301, -5.923304115872968, -7.77608760629907, -12.512865533754583, -4.417984452938473, -6.97399271053311, -10.714254554360183, -9.484419121897398, -9.367693782575857], [-9.488455147987512, -7.817073679817199, -8.079294677235179, -12.326470320209092, -9.470192477944083, -11.239640280353807, -9.457941227384993, -9.272834462085607, -5.4222984903861375, -8.311335853072935], [-6.699891011536215, -6.537131867521601, -5.709355747584094, -7.024701429605317, -8.068882706248376, -4.982387330293778, -4.928064870730101, -11.245323868804995, -2.426391490998743, -8.173900996553154], [-10.019203928154692, -5.709146831864285, -11.26998797668471, -9.708583497532263, -5.97153469712525, -6.734767930102662, -4.790748381519395, -6.197255087850807, -4.8187568838033705, -5.008618134900855], [-7.069052203220013, -5.63157318549872, -10.553420382181923, -8.248552681072756, -6.136453214348525, -5.944996086078268, -5.809592198894645, -3.7966632776893707, -6.683262137415092, -3.2202336997308754], [-2.237732196161086, -9.24774165767687, -6.754648057077027, -2.7160566292322943, -3.9141609238765183, -7.583156342821017, -9.415522269299903, -6.153744107210814, -5.450233472350426, -11.360641173962142], [-5.3238056293642115, -8.775326808806865, -8.955587570952726, -3.64507396926438, -3.475474145530136, -11.33198548571109, -8.297802697715774, -9.124068939827314, -7.701891071561921, -4.371430255381683], [-7.941755577170042, -8.81358721086707, -7.982941312958129, -5.926413978330836, -3.484279096608986, -5.762706838764302, -5.259681281441296, -3.886284050300054, -6.548637726380741, -4.075307798957896], [-8.120921218785039, -9.086518056284095, -7.730762467262274, -11.648006880960486, -6.808174066734205, -8.68009512117667, -5.484660822112246, -13.308403007868913, -3.5177991371248494, -10.707491101894288], [-9.308687317409206, -2.7163161743659026, -6.289226682591451, -3.0665612385336734, -8.055916544600352, -6.952673166377971, -7.3134339223068485, -4.063213887740846, -3.6810972024875555, -5.168192483209821], [-2.6376280214896193, -4.392722285718784, -9.825803547007522, -6.380971205314304, -6.732713663543938, -4.374614663470709, -7.9567871126710985, -4.0492264683542984, -5.533151353182798, -3.330367913268515], [-2.9871056343063316, -3.34825859440324, -2.4494599305883358, -5.918434722249641, -7.940361019171739, -9.171029504333067, -4.567723703649776, -7.464370191277584, -2.19748892454276, -4.5683561250707125], [-3.513500332569529, -6.481336389840457, -9.08018159392687, -2.325309486112968, -3.093992673742182, -4.85545664109995, -4.266279710910209, -6.826271341029005, -4.159132285892584, -10.241829680153367], [-3.335722930108436, -2.667291708279247, -5.769657480059627, -2.26775540725561, -7.077156400763082, -8.503498854075268, -10.512892971159419, -5.699015705103812, -4.987850295124597, -5.255390798136712], [-10.466067240339866, -7.619587716211006, -5.356643361888586, -9.447779184107812, -2.9686533870172442, -12.60073747065377, -6.078408720872896, -8.659205086027699, -5.183677709130929, -3.545697942275127], [-6.704833288829708, -9.478796334319565, -7.2964250150666645, -3.61319445608305, -4.772571715011014, -6.956918200522523, -5.443967556044069, -4.803262903254895, -7.413152804122511, -5.183820458277347], [-9.366259768927717, -4.424934599623166, -7.976000265556688, -1.270680350126958, -9.981714437986755, -8.921971459233271, -6.842256477286494, -3.70335585792514, -5.003348878983323, -5.2381311676800655], [-4.15253352900272, -3.344416886966485, -8.326312592131572, -7.691454305600805, -2.7451227451016407, -6.403423289004507, -5.088245641978593, -4.7444604966134785, -5.676974243594654, -6.987087557004866]], "best_return": -5.061258834959319, "best_return_std": 2.3331271286077926}