{"data_size": 1000, "epochs": [5, 10, 15, 20, 25, 30, 35, 40, 45, 50, 55, 60, 65, 70, 75, 80, 85, 90, 95, 100], "returns": [[-16.038521191939704, -14.40665809358513, -8.088146738195551, -21.35642924023763, -9.266924117960803, -8.717931897011304, -13.891186239753745, -14.506421791168513, -13.117516520618404, -6.800690384988926], [-14.016830361892351, -8.38130842435495, -8.484336528364317, -8.314743329732067, -7.108905333367402, -12.12668833910035, -9.523042156084621, -10.000614206414335, -5.589236008678141, -10.326440656194556], [-5.026242173285891, -3.5700098542565333, -6.812461721786408, -5.535770450249355, -11.311486009044701, -9.485803599927365, -7.814405937359283, -9.197308624784178, -8.530370144600816, -9.874667903371655], [-20.540918952295463, -8.574701596794242, -6.610239977419635, -8.636399114560241, -5.981352712257363, -5.229120102598418, -6.409043590292595, -6.820526691752977, -5.757280866484827, -6.507389352805474], [-4.214676225377332, -5.098587597930771, -3.030385357225574, -11.188721771438248, -2.7853709499890935, -3.7830877333893373, -4.468755374816574, -5.332383561709112, -6.207906479010887, -5.181461991105852], [-8.499242060821631, -2.54455677659165, -2.186720743867823, -12.433272252059535, -6.473845140761648, -3.3786351587975316, -2.726299534039411, -3.975524932923775, -3.376009796143277, -2.87619679906363], [-14.136794822661349, -5.792850561809809, -3.4794423846208384, -13.60776459466007, -16.321765847521462, -4.421827649439999, -3.0977527224271424, -3.7071708766857903, -4.441263364463396, -3.954389730393535], [-3.8263151466311074, -15.762751345759513, -1.288871022311875, -9.766705952074249, -2.6360653215258636, -6.891612496698242, -3.0859799419145033, -5.0539300719065015, -7.461334076178909, -5.0099135832903645], [-1.9862665445370296, -11.107802145762976, -5.131023770589714, -4.9710705758823375, -6.54169241406576, -3.247247425932803, -2.320518738751165, -4.361310626856213, -2.3132303150411158, -5.70252465384351], [-4.896433357035196, -2.6947577384172194, -7.42979192123814, -4.726720981254915, -5.931911142659679, -7.472186384947663, -4.460887589889007, -2.9866296116435236, -4.129757097476564, -3.1010372365323424], [-4.566392488257221, -4.408990121220114, -3.3401963004994233, -7.484805724259888, -8.141925781643502, -5.504007976165978, -2.7998339803515577, -1.4657947917148353, -7.678219173123712, -2.199805833744883], [-5.661794120129528, -4.890755034547976, -4.464837621682855, -1.87673411522603, -1.3743111641961328, -3.035419857321875, -1.618158525680301, -4.232513769123729, -7.510132681234778, -2.661348104541159], [-3.0106060527592855, -2.278479307697795, -5.131737192597449, -2.997600194415973, -4.078139707261415, -3.2721809224758127, -6.70037417767906, -4.504623883909332, -4.694618696282405, -4.037602238235818], [-3.5239716257895437, -5.057704894773527, -4.091923292793272, -1.5975593048268169, -5.590640851256018, -6.160838212473209, -4.530077647250232, -6.487256943187887, -5.078175888583303, -4.3708059842141935], [-5.405912138120092, -4.6388180803687264, -4.348579658963746, -2.4662734401166175, -5.034441936233036, -2.3140384689518885, -4.837410659364957, -5.947952215589807, -2.9980441258357327, -5.87665463923942], [-7.679046704169687, -4.100944181698803, -2.199194969848005, -4.236162417213399, -5.711446917771677, -5.55391251936043, -2.120398886404324, -3.7202412090321446, -6.946300011979922, -7.090960900225923], [-2.3864955165397372, -2.5399351836707913, -2.680189632311668, -4.717455728888049, -3.1700012635463937, -5.9922236270820575, -5.737960705058284, -2.3193253566803618, -5.339333303530039, -4.014561747348592], [-3.4915450259323726, -1.9623048912631786, -5.928072538452286, -6.97626441537429, -5.535274418187526, -2.4966353283551594, -7.478239781900007, -2.7183037738127718, -2.5538164744781655, -3.598437692957792], [-3.926101282627949, -4.278471099679337, -9.937173514030924, -4.549890779675032, -4.027638180897693, -4.42109735253142, -1.6999054277513495, -4.684272121739757, -5.668447256602435, -4.804508590156438], [-6.452641608790122, -2.9532713910400927, -2.9815453770231777, -2.971775967680858, -4.188941284146576, -6.426967436567222, -1.8893978367264066, -3.662301033217295, -5.468929035520467, -2.402404591838204]], "best_return": -3.7326004993684365, "best_return_std": 1.876944853869977}